{
  "reached": true,
  "manual_capture": true,
  "last_distance": 0.0,
  "last_ee_pose": [
    0.3902914226055145,
    -0.17532694339752197,
    0.14856943488121033,
    0.5496708750724792,
    0.8353219628334045,
    -0.009870389476418495,
    0.001254780450835824
  ]
}