{
  "reached": true,
  "last_distance": 0.0009113200940191746,
  "last_ee_pose": [
    0.6590346097946167,
    -0.20246478915214539,
    0.23367911577224731,
    0.0004873810103163123,
    0.9999807476997375,
    -0.006088895723223686,
    -0.0010965823894366622
  ]
}