{
  "reached": true,
  "manual_capture": true,
  "last_distance": 0.0,
  "last_ee_pose": [
    0.3695076107978821,
    -0.03407134860754013,
    0.4992421269416809,
    -0.2663877606391907,
    -0.6061208248138428,
    -0.6009601950645447,
    -0.44777441024780273
  ]
}