{
  "reached": true,
  "manual_capture": true,
  "last_distance": 0.0,
  "last_ee_pose": [
    0.40116116404533386,
    -0.0002895134093705565,
    0.2816760241985321,
    0.0034549268893897533,
    0.7710254788398743,
    0.6367787718772888,
    0.004532362800091505
  ]
}