{
  "reached": true,
  "last_distance": 0.0009710270678624511,
  "last_ee_pose": [
    0.5940637588500977,
    -0.06268881261348724,
    0.23669397830963135,
    0.00020131120982114226,
    0.9999984502792358,
    -0.0012969158124178648,
    -0.0011146895121783018
  ]
}