{
  "reached": true,
  "last_distance": 0.0009236438199877739,
  "last_ee_pose": [
    0.550477921962738,
    -0.12000478059053421,
    0.24178370833396912,
    0.00041368784150108695,
    0.9999958872795105,
    -0.002591710537672043,
    -0.0010603013215586543
  ]
}