{
  "reached": true,
  "manual_capture": true,
  "last_distance": 0.0,
  "last_ee_pose": [
    0.520780622959137,
    -0.17998068034648895,
    0.22469574213027954,
    -0.04509168118238449,
    0.9536194801330566,
    -0.2824668884277344,
    0.09374990314245224
  ]
}