{
  "reached": true,
  "manual_capture": true,
  "last_distance": 0.0,
  "last_ee_pose": [
    0.4020600914955139,
    -0.17279447615146637,
    0.29580768942832947,
    0.0001547469146316871,
    0.9598104357719421,
    -0.2806440591812134,
    -0.0016596362693235278
  ]
}