{
  "reached": false,
  "last_distance": 0.0014204982435330749,
  "last_ee_pose": [
    0.6858209371566772,
    0.3887549638748169,
    0.3147268295288086,
    -0.00046236690832301974,
    0.9999983906745911,
    7.27418446331285e-05,
    -0.0017245401395484805
  ]
}