{
  "reached": true,
  "manual_capture": true,
  "last_distance": 0.0,
  "last_ee_pose": [
    0.5459892749786377,
    -0.27613309025764465,
    0.2848067879676819,
    -0.6938380002975464,
    0.6638274788856506,
    -0.251063734292984,
    -0.12201949208974838
  ]
}