{
  "reached": true,
  "manual_capture": true,
  "last_distance": 0.0,
  "last_ee_pose": [
    0.40116116404533386,
    -0.0002895134093705565,
    0.2816760241985321,
    0.0034549268893897533,
    0.7710254788398743,
    0.6367787718772888,
    0.004532362800091505
  ],
  "automated_pickup_home": true,
  "last_ee_pose_2": [
    0.4033568203449249,
    -0.0017497785156592727,
    0.28485339879989624,
    0.0053396220318973064,
    0.7964227199554443,
    0.6046636700630188,
    0.008003533817827702
  ],
  "last_ee_pose_3": [
    0.3587283790111542,
    4.256283864378929e-05,
    0.4789464473724365,
    -0.0029001845978200436,
    0.9992865920066833,
    0.035030514001846313,
    -0.013810409232974052
  ]
}