{
  "reached": true,
  "manual_capture": true,
  "last_distance": 0.0,
  "last_ee_pose": [
    0.3760039508342743,
    -0.16923370957374573,
    0.3162343502044678,
    0.0009974659187719226,
    0.9646136164665222,
    -0.26366305351257324,
    -0.0010880758054554462
  ]
}