{
  "reached": false,
  "last_distance": 0.0014439965598285198,
  "last_ee_pose": [
    0.48290643095970154,
    -0.4133049249649048,
    0.34293055534362793,
    0.0012019297573715448,
    0.9999986290931702,
    -0.0003734664642252028,
    -0.000995352864265442
  ]
}