{
  "reached": false,
  "last_distance": 0.0013714442029595375,
  "last_ee_pose": [
    0.7501404285430908,
    0.05092441290616989,
    0.36666107177734375,
    -1.0026179552369285e-05,
    0.9999980330467224,
    0.0015313472831621766,
    -0.00119042641017586
  ]
}