{
  "reached": false,
  "last_distance": 0.015446743927896023,
  "last_ee_pose": [
    0.75942462682724,
    0.2541406452655792,
    0.3236157298088074,
    -0.0007445380906574428,
    0.999998927116394,
    0.0011672177352011204,
    0.0003348182945046574
  ]
}