{
  "reached": true,
  "last_distance": 0.0008692217525094748,
  "last_ee_pose": [
    0.3484337329864502,
    -0.17631101608276367,
    0.20950976014137268,
    -0.0006924105691723526,
    0.9999951124191284,
    -0.0027500835712999105,
    -0.0012752817710861564
  ]
}