{
  "reached": true,
  "manual_capture": true,
  "last_distance": 0.0,
  "last_ee_pose": [
    0.3586890399456024,
    0.00016221532132476568,
    0.47792547941207886,
    -0.0006434047245420516,
    0.9992738962173462,
    -0.0355953611433506,
    -0.013571756891906261
  ],
  "automated_pickup_home": true
}