{
  "reached": true,
  "manual_capture": true,
  "last_distance": 0.0,
  "last_ee_pose": [
    0.435217022895813,
    -0.17563103139400482,
    0.17108617842197418,
    0.0005683930939994752,
    0.9622049927711487,
    -0.27227380871772766,
    -0.005310502368956804
  ],
  "last_ee_pose_1": [
    0.43304938077926636,
    -0.1743210107088089,
    0.2375825196504593,
    0.0002884628192987293,
    0.9622858762741089,
    -0.27175968885421753,
    -0.012343726120889187
  ],
  "automated_pickup_home": true,
  "last_ee_pose_2": [
    0.43264782428741455,
    -0.17353373765945435,
    0.18484556674957275,
    0.0026157312095165253,
    0.9641467928886414,
    -0.26524755358695984,
    0.007602292578667402
  ],
  "last_ee_pose_3": [
    0.36436840891838074,
    -0.021947011351585388,
    0.3868182301521301,
    -0.00029089677263982594,
    0.9864335060119629,
    -0.164132222533226,
    -0.003054800210520625
  ]
}