{
  "reached": true,
  "manual_capture": true,
  "last_distance": 0.0,
  "last_ee_pose": [
    0.3966541886329651,
    -0.04607173800468445,
    0.25532153248786926,
    -0.0003244367253500968,
    0.7499065399169922,
    -0.6615373492240906,
    -0.0028552382718771696
  ]
}