{
  "reached": true,
  "manual_capture": true,
  "last_distance": 0.0,
  "last_ee_pose": [
    0.4177566468715668,
    -0.04473418742418289,
    0.1979740709066391,
    -0.0034815496765077114,
    0.6969965696334839,
    -0.717051088809967,
    0.004614024888724089
  ]
}