{
  "reached": true,
  "manual_capture": true,
  "last_distance": 0.0,
  "last_ee_pose": [
    0.5192541480064392,
    -0.1667851209640503,
    0.2474348247051239,
    -0.0009361644042655826,
    0.965347170829773,
    -0.2609201669692993,
    -0.004951665177941322
  ],
  "last_ee_pose_2": [
    0.5232022404670715,
    -0.17085494101047516,
    0.21090024709701538,
    -0.004572710022330284,
    0.9652151465415955,
    -0.26074445247650146,
    0.01873798482120037
  ],
  "last_ee_pose_3": [
    0.5218257904052734,
    -0.16869522631168365,
    0.20567989349365234,
    -0.005591267719864845,
    0.9656955003738403,
    -0.25924229621887207,
    0.013941613957285881
  ],
  "last_ee_pose_4": [
    0.5263295769691467,
    -0.19651880860328674,
    0.18028733134269714,
    -0.04963194206357002,
    0.9546256065368652,
    -0.2798973321914673,
    0.08879170566797256
  ]
}