{
  "reached": true,
  "last_distance": 0.0008969250484369695,
  "last_ee_pose": [
    0.36090782284736633,
    -0.041923657059669495,
    0.29019594192504883,
    -0.000323766638757661,
    0.9999988675117493,
    -0.0002087985776597634,
    -0.001393875339999795
  ]
}