{
  "reached": true,
  "manual_capture": true,
  "last_distance": 0.0,
  "last_ee_pose": [
    0.3597031235694885,
    3.0337517387124535e-08,
    0.48994073271751404,
    3.4352576339102825e-10,
    0.9999999403953552,
    -4.344697401847952e-08,
    -3.1540915301775385e-07
  ]
}