{
  "reached": true,
  "last_distance": 0.0009012968512251973,
  "last_ee_pose": [
    0.400138258934021,
    0.23508623242378235,
    0.21673239767551422,
    4.857615567743778e-05,
    0.9999645948410034,
    0.008331717923283577,
    -0.0011649539228528738
  ]
}