{
  "reached": true,
  "last_distance": 0.0009261277737095952,
  "last_ee_pose": [
    0.3254205584526062,
    -0.30737653374671936,
    0.2427472472190857,
    -0.00024352292530238628,
    0.9999012351036072,
    -0.014025533571839333,
    -0.0008415051852352917
  ]
}