{
  "reached": true,
  "manual_capture": true,
  "last_distance": 0.0,
  "last_ee_pose": [
    0.33699268102645874,
    -0.004419262520968914,
    0.30323702096939087,
    0.0008233000407926738,
    -0.951165497303009,
    0.005264082457870245,
    -0.30863523483276367
  ]
}